Timestamp;datetime;Temperature;Humidity;CO2;Noise;Pressure
1513253080;"2017/12/14 13:04:40";22.2;34;695;40;936.4
1513253382;"2017/12/14 13:09:42";22.2;34;702;40;936.4
1513253685;"2017/12/14 13:14:45";22.2;34;701;43;936.6
1513253987;"2017/12/14 13:19:47";22.3;34;717;44;936.4
1513254290;"2017/12/14 13:24:50";22.3;34;721;41;936.1
1513254593;"2017/12/14 13:29:53";22.3;34;701;44;936.1
1513254896;"2017/12/14 13:34:56";22.3;34;693;45;935.9
1513255197;"2017/12/14 13:39:57";22.3;34;699;43;935.9
1513255499;"2017/12/14 13:44:59";22.3;34;689;55;936
1513255803;"2017/12/14 13:50:03";22.2;34;687;54;936
1513256106;"2017/12/14 13:55:06";22.2;34;673;52;935.9
1513256407;"2017/12/14 14:00:07";22.2;34;694;47;935.7
1513256710;"2017/12/14 14:05:10";22.2;34;675;48;935.6
1513257012;"2017/12/14 14:10:12";22.2;34;668;46;935.6
1513257315;"2017/12/14 14:15:15";22.3;34;667;47;935.5
1513257617;"2017/12/14 14:20:17";22.3;34;663;47;935.3
1513257920;"2017/12/14 14:25:20";22.3;34;672;47;935.3
1513258220;"2017/12/14 14:30:20";22.3;34;684;50;935.3
1513258523;"2017/12/14 14:35:23";22.3;34;689;48;935.4
1513258827;"2017/12/14 14:40:27";22.3;34;682;47;935.2
1513259130;"2017/12/14 14:45:30";22.3;34;679;45;935.2
1513259432;"2017/12/14 14:50:32";22.3;34;680;48;935
1513259735;"2017/12/14 14:55:35";22.3;34;680;51;935
1513260038;"2017/12/14 15:00:38";22.3;34;689;46;934.9
1513260341;"2017/12/14 15:05:41";22.3;34;681;44;935
1513260643;"2017/12/14 15:10:43";22.3;34;694;46;934.8
1513260945;"2017/12/14 15:15:45";22.3;34;701;45;935
1513261249;"2017/12/14 15:20:49";22.3;34;683;46;934.8
1513261552;"2017/12/14 15:25:52";22.3;34;684;46;934.7
1513261854;"2017/12/14 15:30:54";22.3;34;672;46;934.6
1513262156;"2017/12/14 15:35:56";22.3;34;678;44;934.6
1513262460;"2017/12/14 15:41:00";22.3;34;664;45;934.6
1513262763;"2017/12/14 15:46:03";22.3;34;663;45;934.6
1513263066;"2017/12/14 15:51:06";22.3;34;675;45;934.6
1513263369;"2017/12/14 15:56:09";22.3;34;653;43;934.4
1513263672;"2017/12/14 16:01:12";22.3;34;681;45;934.2
1513263722;"2017/12/14 16:02:02";22.3;34;683;47;934.2
1513264025;"2017/12/14 16:07:05";22.3;34;665;44;934
1513264328;"2017/12/14 16:12:08";22.3;34;663;44;934.1
1513264631;"2017/12/14 16:17:11";22.3;34;646;44;934
1513264934;"2017/12/14 16:22:14";22.2;34;652;44;934
1513265236;"2017/12/14 16:27:16";22.2;34;650;47;934
1513265539;"2017/12/14 16:32:19";22.2;34;653;41;933.7
1513265838;"2017/12/14 16:37:18";22.2;34;647;41;933.7
1513266141;"2017/12/14 16:42:21";22.2;34;647;39;933.6
1513266445;"2017/12/14 16:47:25";22.2;34;654;38;933.5
1513266748;"2017/12/14 16:52:28";22.2;34;625;39;933.5
1513267052;"2017/12/14 16:57:32";22.2;34;641;38;933.4
1513267355;"2017/12/14 17:02:35";22.2;34;653;36;933.2
1513267659;"2017/12/14 17:07:39";22.2;34;642;39;933.2
1513267962;"2017/12/14 17:12:42";22.2;34;638;40;933.1
1513268264;"2017/12/14 17:17:44";22.3;34;631;40;933.3
1513268567;"2017/12/14 17:22:47";22.2;34;628;39;933.2
1513268869;"2017/12/14 17:27:49";22.2;34;634;40;933
1513269172;"2017/12/14 17:32:52";22.2;34;624;44;932.8
1513269475;"2017/12/14 17:37:55";22.2;34;632;42;932.7
1513269778;"2017/12/14 17:42:58";22.2;34;616;43;932.6
1513270081;"2017/12/14 17:48:01";22.2;34;612;43;932.5
1513270383;"2017/12/14 17:53:03";22.3;34;708;57;932.6
1513270686;"2017/12/14 17:58:06";22.3;34;632;56;932.4
1513270989;"2017/12/14 18:03:09";22.3;34;636;57;932.1
1513271292;"2017/12/14 18:08:12";22.3;34;641;49;932.1
1513271595;"2017/12/14 18:13:15";22.3;34;636;50;932
1513271898;"2017/12/14 18:18:18";22.3;34;650;50;932
1513272201;"2017/12/14 18:23:21";22.3;34;663;56;932
1513272502;"2017/12/14 18:28:22";22.3;34;666;49;932
1513272805;"2017/12/14 18:33:25";22.3;34;668;46;931.9
1513273106;"2017/12/14 18:38:26";22.3;34;659;52;931.6
1513273410;"2017/12/14 18:43:30";22.3;34;697;49;931.5
1513273713;"2017/12/14 18:48:33";22.2;34;670;51;931.4
1513274016;"2017/12/14 18:53:36";22.2;34;670;52;931.1
1513274317;"2017/12/14 18:58:37";22.2;34;679;49;931.1
1513274620;"2017/12/14 19:03:40";22.2;34;711;48;931
1513274923;"2017/12/14 19:08:43";22.2;34;705;45;930.7
1513275226;"2017/12/14 19:13:46";22.2;34;687;50;930.6
1513275526;"2017/12/14 19:18:46";22.2;34;699;45;930.4
1513275829;"2017/12/14 19:23:49";22.2;34;704;44;930.3
1513276133;"2017/12/14 19:28:53";22.2;34;683;50;930.3
1513276436;"2017/12/14 19:33:56";22.2;34;687;51;930.4
1513276738;"2017/12/14 19:38:58";22.2;34;687;53;930.4
1513277040;"2017/12/14 19:44:00";22.2;34;722;60;930.4
1513277343;"2017/12/14 19:49:03";22.2;34;719;54;930.3
1513277645;"2017/12/14 19:54:05";22.2;34;730;50;930.2
1513277948;"2017/12/14 19:59:08";22.2;34;732;51;930.4
1513278251;"2017/12/14 20:04:11";22.2;34;734;53;930.6
1513278554;"2017/12/14 20:09:14";22.2;34;718;51;930.4
1513278855;"2017/12/14 20:14:15";22.2;34;716;55;930.4
1513279159;"2017/12/14 20:19:19";22.2;34;711;41;930.3
1513279462;"2017/12/14 20:24:22";22.2;34;682;36;930.4
1513279765;"2017/12/14 20:29:25";22.1;34;666;39;930.4
1513280069;"2017/12/14 20:34:29";22.2;34;644;42;930.6
1513280371;"2017/12/14 20:39:31";22.1;34;625;46;930.5
1513280673;"2017/12/14 20:44:33";22.2;34;649;48;930.4
1513280974;"2017/12/14 20:49:34";22.2;34;730;49;930.3
1513281277;"2017/12/14 20:54:37";22.2;34;652;51;930.3
1513281579;"2017/12/14 20:59:39";22.2;34;663;43;930.3
1513281882;"2017/12/14 21:04:42";22.2;34;645;38;930.3
1513282182;"2017/12/14 21:09:42";22.2;34;629;41;930.5
1513282485;"2017/12/14 21:14:45";22.1;34;635;38;930.4
1513282788;"2017/12/14 21:19:48";22.1;34;701;38;930.2
1513283091;"2017/12/14 21:24:51";22.1;34;617;40;930.2
1513283395;"2017/12/14 21:29:55";22.1;34;627;37;930.1
1513283698;"2017/12/14 21:34:58";22.1;34;621;36;930
1513284003;"2017/12/14 21:40:03";22.1;34;619;36;929.8
1513284306;"2017/12/14 21:45:06";22.1;34;603;37;929.9
1513284608;"2017/12/14 21:50:08";22.1;34;612;35;929.7
1513284911;"2017/12/14 21:55:11";22.1;34;597;37;929.6
1513285214;"2017/12/14 22:00:14";22.1;34;608;37;929.5
1513285517;"2017/12/14 22:05:17";22.1;34;619;36;929.3
1513285820;"2017/12/14 22:10:20";22.1;34;592;36;929.1
1513286123;"2017/12/14 22:15:23";22.1;34;580;35;929.1
1513286425;"2017/12/14 22:20:25";22;34;583;38;929
1513286728;"2017/12/14 22:25:28";22;34;585;35;929
1513287031;"2017/12/14 22:30:31";22;33;583;37;928.9
1513287334;"2017/12/14 22:35:34";22;33;566;36;928.9
1513287637;"2017/12/14 22:40:37";22;33;571;35;929.1
1513287940;"2017/12/14 22:45:40";22;33;568;35;929
1513288243;"2017/12/14 22:50:43";22;33;573;35;928.9
1513288546;"2017/12/14 22:55:46";22;33;562;35;928.8
1513288848;"2017/12/14 23:00:48";21.9;33;566;36;929
1513289151;"2017/12/14 23:05:51";21.9;33;560;36;929
1513289453;"2017/12/14 23:10:53";21.9;33;558;37;928.9
1513289756;"2017/12/14 23:15:56";21.9;33;565;36;928.9
1513290060;"2017/12/14 23:21:00";21.9;33;559;37;928.9
1513290363;"2017/12/14 23:26:03";21.9;33;572;37;929.1
1513290664;"2017/12/14 23:31:04";21.9;33;576;36;929.1
1513290967;"2017/12/14 23:36:07";21.9;33;569;35;929
1513291269;"2017/12/14 23:41:09";21.9;33;564;35;929
1513291572;"2017/12/14 23:46:12";21.9;33;563;35;928.8
1513291877;"2017/12/14 23:51:17";21.9;33;552;35;928.9
1513292180;"2017/12/14 23:56:20";21.9;33;546;37;928.9
1513292483;"2017/12/15 00:01:23";21.8;33;553;36;928.7
1513292786;"2017/12/15 00:06:26";21.8;33;550;35;928.7
1513293089;"2017/12/15 00:11:29";21.7;33;545;35;928.6
1513293392;"2017/12/15 00:16:32";21.7;33;554;35;928.1
1513293694;"2017/12/15 00:21:34";21.7;33;536;35;927.8
1513293997;"2017/12/15 00:26:37";21.7;33;524;36;927.8
1513294301;"2017/12/15 00:31:41";21.6;33;530;35;927.8
1513294603;"2017/12/15 00:36:43";21.6;33;526;35;927.6
1513294906;"2017/12/15 00:41:46";21.6;33;525;35;927.5
1513295209;"2017/12/15 00:46:49";21.6;33;555;35;927.4
1513295511;"2017/12/15 00:51:51";21.5;33;515;35;927.5
1513295814;"2017/12/15 00:56:54";21.5;33;504;35;927.6
1513296117;"2017/12/15 01:01:57";21.5;33;512;35;927.6
1513296420;"2017/12/15 01:07:00";21.5;33;512;35;927.5
1513296722;"2017/12/15 01:12:02";21.5;33;509;35;927.5
1513297025;"2017/12/15 01:17:05";21.4;33;505;35;927.7
1513297328;"2017/12/15 01:22:08";21.4;33;500;35;927.8
1513297631;"2017/12/15 01:27:11";21.4;33;501;35;928.5
1513297934;"2017/12/15 01:32:14";21.4;33;501;35;928.9
1513298237;"2017/12/15 01:37:17";21.4;33;504;35;928.8
1513298537;"2017/12/15 01:42:17";21.4;33;506;35;928.8
1513298840;"2017/12/15 01:47:20";21.4;33;487;35;928.7
1513299143;"2017/12/15 01:52:23";21.4;33;530;35;928.6
1513299446;"2017/12/15 01:57:26";21.4;33;496;35;928.5
1513299749;"2017/12/15 02:02:29";21.4;33;497;35;928.7
1513300052;"2017/12/15 02:07:32";21.3;33;488;35;928.7
1513300354;"2017/12/15 02:12:34";21.3;33;492;35;928.9
1513300657;"2017/12/15 02:17:37";21.3;33;491;35;929
1513300960;"2017/12/15 02:22:40";21.3;33;494;35;929.1
1513301263;"2017/12/15 02:27:43";21.3;33;489;35;929.1
1513301565;"2017/12/15 02:32:45";21.3;33;495;35;929.3
1513301868;"2017/12/15 02:37:48";21.3;33;498;35;929.6
1513302171;"2017/12/15 02:42:51";21.3;33;510;35;929.9
1513302474;"2017/12/15 02:47:54";21.3;33;494;35;929.8
1513302777;"2017/12/15 02:52:57";21.3;33;496;35;929.9
1513303079;"2017/12/15 02:57:59";21.3;33;506;35;930
1513303382;"2017/12/15 03:03:02";21.3;33;487;35;930.1
1513303685;"2017/12/15 03:08:05";21.2;33;490;35;930.3
1513303988;"2017/12/15 03:13:08";21.2;33;490;35;930.4
1513304290;"2017/12/15 03:18:10";21.2;33;495;35;930.5
1513304593;"2017/12/15 03:23:13";21.2;33;491;35;930.7
1513304896;"2017/12/15 03:28:16";21.2;33;495;35;930.8
1513305196;"2017/12/15 03:33:16";21.2;33;492;35;930.9
1513305498;"2017/12/15 03:38:18";21.2;33;486;35;930.7
1513305802;"2017/12/15 03:43:22";21.2;33;484;35;930.6
1513306105;"2017/12/15 03:48:25";21.2;33;468;35;930.6
1513306406;"2017/12/15 03:53:26";21.2;33;491;35;930.5
1513306709;"2017/12/15 03:58:29";21.2;33;483;35;930.3
1513307011;"2017/12/15 04:03:31";21.2;33;476;35;930.4
1513307314;"2017/12/15 04:08:34";21.2;33;488;35;930.7
1513307616;"2017/12/15 04:13:36";21.2;33;584;35;930.7
1513307919;"2017/12/15 04:18:39";21.2;33;495;35;930.9
1513308222;"2017/12/15 04:23:42";21.2;33;481;35;930.9
1513308525;"2017/12/15 04:28:45";21.2;33;484;35;931.2
1513308827;"2017/12/15 04:33:47";21.2;33;544;36;931.1
1513309130;"2017/12/15 04:38:50";21.2;33;496;35;931
1513309432;"2017/12/15 04:43:52";21.2;33;485;35;931
1513309735;"2017/12/15 04:48:55";21.2;33;531;35;931.1
1513310038;"2017/12/15 04:53:58";21.2;33;477;35;931.2
1513310341;"2017/12/15 04:59:01";21.2;33;480;35;931.2
1513310644;"2017/12/15 05:04:04";21.2;33;486;35;931.2
1513310947;"2017/12/15 05:09:07";21.2;33;506;35;931.2
1513311249;"2017/12/15 05:14:09";21.2;33;479;35;931.2
1513311552;"2017/12/15 05:19:12";21.2;33;493;36;931.3
1513311855;"2017/12/15 05:24:15";21.2;33;476;37;931.2
1513312158;"2017/12/15 05:29:18";21.2;33;485;37;931.2
1513312460;"2017/12/15 05:34:20";21.2;33;496;35;931.2
1513312763;"2017/12/15 05:39:23";21.2;33;488;36;931
1513313066;"2017/12/15 05:44:26";21.2;33;490;36;931
1513313369;"2017/12/15 05:49:29";21.2;33;491;35;931.1
1513313672;"2017/12/15 05:54:32";21.2;33;492;35;931.2
1513313974;"2017/12/15 05:59:34";21.2;33;501;35;931.1
1513314277;"2017/12/15 06:04:37";21.2;33;485;35;931.3
1513314580;"2017/12/15 06:09:40";21.2;33;485;36;931.5
1513314882;"2017/12/15 06:14:42";21.2;33;496;36;931.5
1513315185;"2017/12/15 06:19:45";21.2;33;497;35;931.6
1513315488;"2017/12/15 06:24:48";21.3;33;500;36;931.7
1513315791;"2017/12/15 06:29:51";21.2;33;501;36;931.9
1513316094;"2017/12/15 06:34:54";21.3;33;496;35;931.8
1513316397;"2017/12/15 06:39:57";21.3;33;491;36;931.9
1513316699;"2017/12/15 06:44:59";21.3;33;502;37;931.7
1513317002;"2017/12/15 06:50:02";21.3;33;501;36;931.8
1513317305;"2017/12/15 06:55:05";21.3;33;614;37;931.7
1513317608;"2017/12/15 07:00:08";21.3;33;505;36;931.7
1513317910;"2017/12/15 07:05:10";21.3;33;500;37;931.7
1513318213;"2017/12/15 07:10:13";21.3;33;504;38;931.8
1513318515;"2017/12/15 07:15:15";21.3;33;506;36;931.8
1513318818;"2017/12/15 07:20:18";21.3;33;512;38;931.8
1513319121;"2017/12/15 07:25:21";21.3;33;530;39;931.8
1513319424;"2017/12/15 07:30:24";21.3;33;513;43;931.9
1513319727;"2017/12/15 07:35:27";21.4;33;543;46;931.9
1513320030;"2017/12/15 07:40:30";21.4;33;552;43;931.9
1513320332;"2017/12/15 07:45:32";21.4;33;567;46;931.8
1513320635;"2017/12/15 07:50:35";21.4;33;574;44;931.9
1513320937;"2017/12/15 07:55:37";21.5;33;617;43;931.9
1513321239;"2017/12/15 08:00:39";21.5;33;592;46;931.9
1513321543;"2017/12/15 08:05:43";21.5;33;607;50;931.9
1513321846;"2017/12/15 08:10:46";21.5;33;607;51;931.9
1513322147;"2017/12/15 08:15:47";21.5;33;610;51;931.8
1513322450;"2017/12/15 08:20:50";21.5;33;609;48;931.8
1513322753;"2017/12/15 08:25:53";21.5;33;606;51;931.8
1513323056;"2017/12/15 08:30:56";21.5;33;629;52;931.7
1513323359;"2017/12/15 08:35:59";21.5;33;630;47;931.7
1513323662;"2017/12/15 08:41:02";21.5;33;640;48;931.7
1513323965;"2017/12/15 08:46:05";21.6;33;650;47;931.7
1513324268;"2017/12/15 08:51:08";21.6;33;658;45;931.8
1513324571;"2017/12/15 08:56:11";21.5;33;636;47;931.7
1513324873;"2017/12/15 09:01:13";21.6;33;619;48;931.7
1513325175;"2017/12/15 09:06:15";21.6;33;612;48;931.7
1513325478;"2017/12/15 09:11:18";21.6;33;616;46;931.6
1513325780;"2017/12/15 09:16:20";21.6;33;603;46;931.5
1513326083;"2017/12/15 09:21:23";21.6;33;597;39;931.5
1513326382;"2017/12/15 09:26:22";21.6;33;575;46;931.6
1513326685;"2017/12/15 09:31:25";21.6;33;594;48;931.7
1513326989;"2017/12/15 09:36:29";21.6;33;555;45;931.8
1513327292;"2017/12/15 09:41:32";21.5;33;547;44;931.8
1513327593;"2017/12/15 09:46:33";21.5;33;565;45;931.9
1513327896;"2017/12/15 09:51:36";21.5;33;545;44;932
1513328200;"2017/12/15 09:56:40";21.6;33;564;46;932
1513328503;"2017/12/15 10:01:43";21.6;33;682;46;932.2
1513328805;"2017/12/15 10:06:45";21.6;33;548;46;932.2
1513329107;"2017/12/15 10:11:47";21.6;33;569;45;932.2
1513329411;"2017/12/15 10:16:51";21.6;33;564;47;932.2
1513329714;"2017/12/15 10:21:54";21.6;33;564;46;932.2
1513330016;"2017/12/15 10:26:56";21.6;33;555;44;932.3
1513330319;"2017/12/15 10:31:59";21.6;33;557;48;932.2
1513330621;"2017/12/15 10:37:01";21.6;33;523;44;932.2
1513330924;"2017/12/15 10:42:04";21.6;33;540;44;932.3
1513331227;"2017/12/15 10:47:07";21.6;33;549;43;932.4
1513331530;"2017/12/15 10:52:10";21.6;33;561;47;932.4
1513331833;"2017/12/15 10:57:13";21.6;33;564;42;932.4
1513332136;"2017/12/15 11:02:16";21.7;33;562;39;932.4
1513332439;"2017/12/15 11:07:19";21.7;33;577;41;932.2
1513332743;"2017/12/15 11:12:23";21.7;33;550;44;932.3
1513333045;"2017/12/15 11:17:25";21.7;33;553;45;932.3
1513333347;"2017/12/15 11:22:27";21.7;33;557;46;932.4
1513333651;"2017/12/15 11:27:31";21.7;33;561;44;932.3
1513333954;"2017/12/15 11:32:34";21.7;33;562;45;932.4
1513334257;"2017/12/15 11:37:37";21.8;33;559;46;932.4
1513334560;"2017/12/15 11:42:40";21.9;33;569;46;932.4
1513334860;"2017/12/15 11:47:40";21.9;33;568;42;932.4
1513335163;"2017/12/15 11:52:43";21.9;33;543;42;932.3
1513335466;"2017/12/15 11:57:46";21.9;33;558;57;932.2
1513335769;"2017/12/15 12:02:49";22;33;574;45;932.2
1513336071;"2017/12/15 12:07:51";22.1;33;570;42;932.3
1513336374;"2017/12/15 12:12:54";22.1;33;564;42;932.3
1513336677;"2017/12/15 12:17:57";22.2;33;561;48;932.2
1513336980;"2017/12/15 12:23:00";22.2;33;555;51;932.2
1513337282;"2017/12/15 12:28:02";22.2;33;549;53;932.3
1513337584;"2017/12/15 12:33:04";22.3;33;564;52;932.3
1513337889;"2017/12/15 12:38:09";22.3;33;574;53;932.3
1513338192;"2017/12/15 12:43:12";22.4;33;573;50;932.3
1513338495;"2017/12/15 12:48:15";22.4;33;580;48;932.3
1513338798;"2017/12/15 12:53:18";22.4;33;584;46;932.3
1513339097;"2017/12/15 12:58:17";22.4;33;587;45;932.3
1513339400;"2017/12/15 13:03:20";22.5;33;591;43;932.2
1513339703;"2017/12/15 13:08:23";22.5;33;582;46;932.2
1513340006;"2017/12/15 13:13:26";22.5;33;579;46;932.2
1513340309;"2017/12/15 13:18:29";22.5;33;576;49;932.2
1513340612;"2017/12/15 13:23:32";22.5;33;570;48;932.2
1513340915;"2017/12/15 13:28:35";22.4;33;575;42;932.1
1513341218;"2017/12/15 13:33:38";22.4;33;558;38;932.1
1513341519;"2017/12/15 13:38:39";22.4;33;547;41;932.2
1513341822;"2017/12/15 13:43:42";22.1;32;483;42;932
1513342126;"2017/12/15 13:48:46";21.7;32;432;41;932
1513342428;"2017/12/15 13:53:48";21.4;32;451;39;931.9
1513342730;"2017/12/15 13:58:50";21.3;32;387;40;931.8
1513343033;"2017/12/15 14:03:53";21.2;31;370;40;931.9
1513343337;"2017/12/15 14:08:57";21.1;31;382;40;931.8
1513343639;"2017/12/15 14:13:59";20.9;31;369;41;931.8
1513343941;"2017/12/15 14:19:01";20.8;31;366;40;931.9
1513344244;"2017/12/15 14:24:04";20.7;31;352;41;931.9
1513344547;"2017/12/15 14:29:07";20.5;31;363;39;931.8
1513344850;"2017/12/15 14:34:10";20.4;30;341;39;931.8
1513345152;"2017/12/15 14:39:12";20.3;30;343;46;931.8
1513345455;"2017/12/15 14:44:15";20.4;30;355;47;931.8
1513345758;"2017/12/15 14:49:18";20.5;30;371;46;931.8
1513346060;"2017/12/15 14:54:20";20.6;31;394;48;931.8
1513346363;"2017/12/15 14:59:23";20.8;31;406;48;931.9
1513346666;"2017/12/15 15:04:26";20.9;31;415;47;931.9
1513346969;"2017/12/15 15:09:29";21;31;443;47;932
1513347272;"2017/12/15 15:14:32";21.1;31;453;51;932
1513347576;"2017/12/15 15:19:36";21.1;31;453;42;932
1513347879;"2017/12/15 15:24:39";21.2;31;459;41;932.1
1513348182;"2017/12/15 15:29:42";21.2;31;474;42;932
1513348485;"2017/12/15 15:34:45";21.3;31;469;43;932
1513348787;"2017/12/15 15:39:47";21.3;31;457;44;932.1
1513349090;"2017/12/15 15:44:50";21.3;31;461;39;932
1513349393;"2017/12/15 15:49:53";21.4;31;470;38;932
1513349696;"2017/12/15 15:54:56";21.4;31;461;38;932.1
1513349999;"2017/12/15 15:59:59";21.4;31;465;37;932.1
1513350301;"2017/12/15 16:05:01";21.4;31;459;38;932.1
1513350604;"2017/12/15 16:10:04";21.4;31;447;39;932.1
1513350907;"2017/12/15 16:15:07";21.4;31;462;39;932.1
1513351208;"2017/12/15 16:20:08";21.5;31;466;39;932.1
1513351511;"2017/12/15 16:25:11";21.5;31;464;40;932.1
1513351814;"2017/12/15 16:30:14";21.5;31;479;44;932.1
1513352117;"2017/12/15 16:35:17";21.5;31;478;45;932.1
1513352420;"2017/12/15 16:40:20";21.5;31;488;43;932
1513352723;"2017/12/15 16:45:23";21.5;31;492;44;932
1513353027;"2017/12/15 16:50:27";21.5;31;502;41;932
1513353330;"2017/12/15 16:55:30";21.5;32;514;41;932
1513353632;"2017/12/15 17:00:32";21.5;32;521;41;932.1
1513353935;"2017/12/15 17:05:35";21.5;32;519;41;932.1
1513354239;"2017/12/15 17:10:39";21.4;32;481;48;932.1
1513354543;"2017/12/15 17:15:43";21;31;434;49;932
1513354844;"2017/12/15 17:20:44";20.5;31;412;46;932
1513355147;"2017/12/15 17:25:47";20.5;32;398;45;932
1513355451;"2017/12/15 17:30:51";20.4;32;401;46;932
1513355754;"2017/12/15 17:35:54";20.4;32;408;46;932
1513356056;"2017/12/15 17:40:56";20.4;32;407;47;932
1513356359;"2017/12/15 17:45:59";20.5;32;412;47;932
1513356662;"2017/12/15 17:51:02";20.5;32;428;45;932
1513356965;"2017/12/15 17:56:05";20.6;33;443;46;932.1
1513357267;"2017/12/15 18:01:07";20.7;33;443;50;932.2
1513357570;"2017/12/15 18:06:10";20.8;33;473;50;932
1513357873;"2017/12/15 18:11:13";20.9;33;500;46;932
1513358176;"2017/12/15 18:16:16";21;33;498;45;932
1513358478;"2017/12/15 18:21:18";21;33;507;46;932.1
1513358781;"2017/12/15 18:26:21";21.1;34;535;46;932.1
1513359084;"2017/12/15 18:31:24";21.1;34;524;45;932.1
1513359387;"2017/12/15 18:36:27";21.1;34;553;44;932.1
1513359689;"2017/12/15 18:41:29";21.2;34;573;48;932.2
1513359992;"2017/12/15 18:46:32";21.2;34;589;44;932.2
1513360295;"2017/12/15 18:51:35";21.3;34;558;49;932.2
1513360598;"2017/12/15 18:56:38";21.3;34;572;54;932.2
1513360900;"2017/12/15 19:01:40";21.3;34;587;46;932.2
1513361202;"2017/12/15 19:06:42";21.3;34;591;50;932.3
1513361506;"2017/12/15 19:11:46";21.4;34;594;48;932.3
1513361809;"2017/12/15 19:16:49";21.4;34;595;46;932.3
1513362112;"2017/12/15 19:21:52";21.4;34;587;45;932.3
1513362415;"2017/12/15 19:26:55";21.4;34;604;48;932.3
1513362717;"2017/12/15 19:31:57";21.5;34;606;48;932.3
1513363020;"2017/12/15 19:37:00";21.5;34;612;44;932.3
1513363321;"2017/12/15 19:42:01";21.5;34;611;45;932.3
1513363624;"2017/12/15 19:47:04";21.5;34;601;41;932.3
1513363927;"2017/12/15 19:52:07";21.5;35;617;44;932.4
1513364230;"2017/12/15 19:57:10";21.5;35;611;45;932.4
1513364533;"2017/12/15 20:02:13";21.6;35;602;43;932.4
1513364836;"2017/12/15 20:07:16";21.6;34;581;46;932.5
1513365138;"2017/12/15 20:12:18";21.6;34;594;50;932.5
1513365441;"2017/12/15 20:17:21";21.6;34;591;58;932.6
1513365746;"2017/12/15 20:22:26";21.6;34;583;54;932.6
1513366048;"2017/12/15 20:27:28";21.6;34;595;44;932.5
1513366349;"2017/12/15 20:32:29";21.6;34;597;37;932.5
1513366652;"2017/12/15 20:37:32";21.6;34;579;37;932.6
1513366955;"2017/12/15 20:42:35";21.6;34;558;39;932.7
1513367257;"2017/12/15 20:47:37";21.6;34;568;42;932.7
1513367560;"2017/12/15 20:52:40";21.6;34;551;39;932.7
1513367863;"2017/12/15 20:57:43";21.6;34;538;43;932.7
1513368167;"2017/12/15 21:02:47";21.6;34;538;44;932.7
1513368469;"2017/12/15 21:07:49";21.6;34;534;40;932.7
1513368770;"2017/12/15 21:12:50";21.6;34;537;36;932.7
1513369073;"2017/12/15 21:17:53";21.6;34;525;36;932.7
1513369376;"2017/12/15 21:22:56";21.6;34;532;35;932.8
1513369679;"2017/12/15 21:27:59";21.6;34;508;35;932.8
1513369982;"2017/12/15 21:33:02";21.6;34;523;38;932.8
1513370285;"2017/12/15 21:38:05";21.6;34;523;37;932.8
1513370588;"2017/12/15 21:43:08";21.6;34;521;38;932.8
1513370891;"2017/12/15 21:48:11";21.6;34;535;35;932.9
1513371193;"2017/12/15 21:53:13";21.6;34;530;36;932.9
1513371496;"2017/12/15 21:58:16";21.6;34;539;35;933
1513371799;"2017/12/15 22:03:19";21.6;34;540;36;932.8
1513372102;"2017/12/15 22:08:22";21.6;34;543;36;932.7
1513372405;"2017/12/15 22:13:25";21.6;34;540;38;932.8
1513372708;"2017/12/15 22:18:28";21.6;34;535;35;932.9
1513373010;"2017/12/15 22:23:30";21.6;34;548;37;932.9
1513373313;"2017/12/15 22:28:33";21.6;34;529;35;932.9
1513373616;"2017/12/15 22:33:36";21.6;34;539;35;932.9
1513373919;"2017/12/15 22:38:39";21.5;34;527;35;932.9
1513374222;"2017/12/15 22:43:42";21.5;34;529;38;932.9
1513374525;"2017/12/15 22:48:45";21.5;34;523;35;932.8
1513374828;"2017/12/15 22:53:48";21.5;34;525;36;932.8
1513375130;"2017/12/15 22:58:50";21.5;34;510;35;932.7
1513375433;"2017/12/15 23:03:53";21.5;34;502;35;932.8
1513375736;"2017/12/15 23:08:56";21.5;33;500;36;932.8
1513376039;"2017/12/15 23:13:59";21.4;33;492;35;933
1513376342;"2017/12/15 23:19:02";21.4;33;491;35;933.1
1513376644;"2017/12/15 23:24:04";21.4;33;487;35;933.2
1513376947;"2017/12/15 23:29:07";21.4;33;486;35;933.4
1513377250;"2017/12/15 23:34:10";21.4;33;496;35;933.3
1513377553;"2017/12/15 23:39:13";21.4;33;519;36;933.3
1513377856;"2017/12/15 23:44:16";21.4;33;503;36;933.3
1513378159;"2017/12/15 23:49:19";21.4;33;491;35;933.4
1513378462;"2017/12/15 23:54:22";21.3;33;490;37;933.4
1513378764;"2017/12/15 23:59:24";21.3;33;489;35;933.4
1513379067;"2017/12/16 00:04:27";21.3;33;492;35;933.4
1513379370;"2017/12/16 00:09:30";21.3;33;488;36;933.4
1513379673;"2017/12/16 00:14:33";21.3;33;498;35;933.4
1513379976;"2017/12/16 00:19:36";21.3;33;507;35;933.3
1513380279;"2017/12/16 00:24:39";21.3;33;503;36;933.3
1513380582;"2017/12/16 00:29:42";21.3;33;507;36;933.3
1513380884;"2017/12/16 00:34:44";21.3;33;552;36;933.2
1513381187;"2017/12/16 00:39:47";21.3;33;549;35;933.2
1513381490;"2017/12/16 00:44:50";21.3;33;531;35;933.2
1513381793;"2017/12/16 00:49:53";21.3;33;578;36;933.2
1513382095;"2017/12/16 00:54:55";21.3;33;574;36;933.1
1513382398;"2017/12/16 00:59:58";21.3;33;585;37;933.1
1513382700;"2017/12/16 01:05:00";21.3;33;600;35;933.1
1513383003;"2017/12/16 01:10:03";21.3;33;603;35;933.2
1513383306;"2017/12/16 01:15:06";21.3;33;616;35;933.1
1513383609;"2017/12/16 01:20:09";21.3;33;610;35;933.1
1513383913;"2017/12/16 01:25:13";21.3;34;617;35;933.1
1513384215;"2017/12/16 01:30:15";21.3;34;613;35;933.1
1513384519;"2017/12/16 01:35:19";21.3;34;637;35;933.1
1513384822;"2017/12/16 01:40:22";21.3;34;623;35;933.1
1513385125;"2017/12/16 01:45:25";21.3;34;620;35;933.1
1513385428;"2017/12/16 01:50:28";21.3;34;617;35;933.2
1513385731;"2017/12/16 01:55:31";21.3;34;611;35;933.3
1513386033;"2017/12/16 02:00:33";21.3;34;618;35;933.4
1513386337;"2017/12/16 02:05:37";21.3;34;617;35;933.5
1513386640;"2017/12/16 02:10:40";21.3;34;622;35;933.6
1513386942;"2017/12/16 02:15:42";21.3;34;630;35;933.7
1513387245;"2017/12/16 02:20:45";21.3;34;633;35;933.8
1513387549;"2017/12/16 02:25:49";21.3;34;636;35;933.7
1513387852;"2017/12/16 02:30:52";21.3;34;632;35;933.8
1513388155;"2017/12/16 02:35:55";21.3;34;599;35;933.9
1513388458;"2017/12/16 02:40:58";21.3;34;629;35;934
1513388759;"2017/12/16 02:45:59";21.3;34;635;35;934
1513389062;"2017/12/16 02:51:02";21.3;34;624;35;934.1
1513389366;"2017/12/16 02:56:06";21.3;34;633;35;934.2
1513389669;"2017/12/16 03:01:09";21.3;34;634;35;934.3
1513389972;"2017/12/16 03:06:12";21.3;34;638;35;934.4
1513390275;"2017/12/16 03:11:15";21.3;34;625;35;934.5
1513390578;"2017/12/16 03:16:18";21.3;34;629;35;934.5
1513390881;"2017/12/16 03:21:21";21.3;34;622;35;934.6
1513391182;"2017/12/16 03:26:22";21.3;34;633;35;934.6
1513391485;"2017/12/16 03:31:25";21.3;34;631;35;934.6
1513391789;"2017/12/16 03:36:29";21.3;34;639;35;934.7
1513392092;"2017/12/16 03:41:32";21.3;34;635;35;934.7
1513392395;"2017/12/16 03:46:35";21.3;34;641;35;934.8
1513392698;"2017/12/16 03:51:38";21.3;34;633;35;934.8
1513393000;"2017/12/16 03:56:40";21.3;34;638;35;934.8
1513393303;"2017/12/16 04:01:43";21.3;34;658;35;934.8
1513393606;"2017/12/16 04:06:46";21.3;34;633;35;934.9
1513393909;"2017/12/16 04:11:49";21.3;34;634;35;934.9
1513394212;"2017/12/16 04:16:52";21.3;34;629;35;935
1513394515;"2017/12/16 04:21:55";21.3;34;625;35;935.1
1513394817;"2017/12/16 04:26:57";21.3;34;629;35;935.1
1513395120;"2017/12/16 04:32:00";21.3;34;642;35;935.2
1513395423;"2017/12/16 04:37:03";21.3;34;626;35;935.3
1513395726;"2017/12/16 04:42:06";21.3;34;618;35;935.4
1513396029;"2017/12/16 04:47:09";21.3;34;639;35;935.4
1513396332;"2017/12/16 04:52:12";21.3;34;644;35;935.5
1513396635;"2017/12/16 04:57:15";21.3;34;637;35;935.6
1513396937;"2017/12/16 05:02:17";21.3;34;627;35;935.6
1513397239;"2017/12/16 05:07:19";21.3;34;617;35;935.7
1513397542;"2017/12/16 05:12:22";21.3;34;636;35;935.7
1513397845;"2017/12/16 05:17:25";21.3;34;624;35;935.8
1513398148;"2017/12/16 05:22:28";21.3;34;635;35;935.8
1513398450;"2017/12/16 05:27:30";21.3;34;642;35;935.9
1513398753;"2017/12/16 05:32:33";21.3;34;649;35;935.9
1513399056;"2017/12/16 05:37:36";21.3;34;634;35;936
1513399359;"2017/12/16 05:42:39";21.3;34;647;35;936.1
1513399662;"2017/12/16 05:47:42";21.3;34;632;36;936.2
1513399965;"2017/12/16 05:52:45";21.3;34;635;35;936.2
1513400267;"2017/12/16 05:57:47";21.4;34;641;35;936.3
1513400570;"2017/12/16 06:02:50";21.3;34;639;35;936.3
1513400873;"2017/12/16 06:07:53";21.3;34;652;41;936.3
1513401176;"2017/12/16 06:12:56";21.3;34;631;38;936.4
1513401479;"2017/12/16 06:17:59";21.4;34;663;38;936.4
1513401782;"2017/12/16 06:23:02";21.4;34;639;39;936.5
1513402085;"2017/12/16 06:28:05";21.4;34;647;35;936.6
1513402387;"2017/12/16 06:33:07";21.4;34;641;38;936.6
1513402690;"2017/12/16 06:38:10";21.4;34;656;38;936.7
1513402993;"2017/12/16 06:43:13";21.4;34;645;36;936.8
1513403296;"2017/12/16 06:48:16";21.4;34;649;37;936.8
1513403599;"2017/12/16 06:53:19";21.4;34;634;36;936.9
1513403901;"2017/12/16 06:58:21";21.4;34;643;35;937
1513404204;"2017/12/16 07:03:24";21.4;34;646;35;937.1
1513404507;"2017/12/16 07:08:27";21.4;34;643;35;937.2
1513404809;"2017/12/16 07:13:29";21.4;34;653;36;937.3
1513405112;"2017/12/16 07:18:32";21.4;34;657;36;937.4
1513405415;"2017/12/16 07:23:35";21.4;34;644;37;937.5
1513405717;"2017/12/16 07:28:37";21.4;34;655;35;937.6
1513406020;"2017/12/16 07:33:40";21.4;34;648;37;937.6
1513406322;"2017/12/16 07:38:42";21.4;34;655;37;937.7
1513406624;"2017/12/16 07:43:44";21.4;34;639;38;937.8
1513406929;"2017/12/16 07:48:49";21.4;34;649;37;937.8
1513407232;"2017/12/16 07:53:52";21.4;34;646;35;937.9
1513407533;"2017/12/16 07:58:53";21.4;34;653;38;938
1513407836;"2017/12/16 08:03:56";21.5;34;650;36;938
1513408139;"2017/12/16 08:08:59";21.5;34;648;37;938.1
1513408442;"2017/12/16 08:14:02";21.5;34;655;38;938.1
1513408744;"2017/12/16 08:19:04";21.5;34;676;38;938.2
1513409047;"2017/12/16 08:24:07";21.5;34;665;38;938.2
1513409350;"2017/12/16 08:29:10";21.5;34;666;37;938.3
1513409653;"2017/12/16 08:34:13";21.5;34;670;42;938.4
1513409954;"2017/12/16 08:39:14";21.5;34;683;47;938.5
1513410257;"2017/12/16 08:44:17";21.5;34;699;49;938.5
1513410561;"2017/12/16 08:49:21";21.5;34;723;49;938.6
1513410864;"2017/12/16 08:54:24";21.6;34;737;48;938.7
1513411166;"2017/12/16 08:59:26";21.6;34;761;51;938.9
1513411469;"2017/12/16 09:04:29";21.6;34;781;48;938.9
1513411773;"2017/12/16 09:09:33";21.6;34;786;44;939
1513412076;"2017/12/16 09:14:36";21.6;34;776;49;939.1
1513412379;"2017/12/16 09:19:39";21.7;34;783;48;939.2
1513412682;"2017/12/16 09:24:42";21.7;34;788;49;939.3
1513412985;"2017/12/16 09:29:45";21.7;34;796;43;939.4
1513413287;"2017/12/16 09:34:47";21.7;34;805;45;939.5
1513413590;"2017/12/16 09:39:50";21.7;34;810;45;939.6
1513413893;"2017/12/16 09:44:53";21.7;34;821;47;939.7
1513414197;"2017/12/16 09:49:57";21.7;34;849;49;939.8
1513414500;"2017/12/16 09:55:00";21.7;34;827;49;939.9
1513414803;"2017/12/16 10:00:03";21.7;34;846;51;940
1513415106;"2017/12/16 10:05:06";21.7;34;851;51;940.2
1513415408;"2017/12/16 10:10:08";21.7;34;860;52;940.3
1513415711;"2017/12/16 10:15:11";21.7;35;864;51;940.4
1513415781;"2017/12/16 10:16:21";21.7;35;1042;51;940.3
1513416084;"2017/12/16 10:21:24";21.9;34;864;51;940.4
1513416387;"2017/12/16 10:26:27";21.8;35;855;50;940.5
1513416690;"2017/12/16 10:31:30";21.8;35;852;48;940.6
1513416993;"2017/12/16 10:36:33";21.8;35;854;49;940.7
1513417295;"2017/12/16 10:41:35";21.8;35;856;51;940.8
1513417598;"2017/12/16 10:46:38";21.8;35;838;55;940.8
1513417901;"2017/12/16 10:51:41";21.8;35;853;49;940.9
1513418204;"2017/12/16 10:56:44";21.8;35;856;51;940.9
1513418504;"2017/12/16 11:01:44";21.9;35;841;49;941
1513418807;"2017/12/16 11:06:47";21.9;35;850;54;941
1513419108;"2017/12/16 11:11:48";21.9;35;860;57;941.1
1513419411;"2017/12/16 11:16:51";21.9;35;841;51;941.1
1513419713;"2017/12/16 11:21:53";21.9;35;832;54;941.2
1513420016;"2017/12/16 11:26:56";21.9;35;842;50;941.3
1513420320;"2017/12/16 11:32:00";21.9;35;856;46;941.3
1513420623;"2017/12/16 11:37:03";21.9;35;845;48;941.4
1513420925;"2017/12/16 11:42:05";21.9;35;861;52;941.4
1513421228;"2017/12/16 11:47:08";21.9;35;870;48;941.5
1513421531;"2017/12/16 11:52:11";21.9;35;861;45;941.5
1513421834;"2017/12/16 11:57:14";21.9;35;866;49;941.7
1513422136;"2017/12/16 12:02:16";22;35;871;43;941.7
1513422439;"2017/12/16 12:07:19";22;35;864;49;941.7
1513422742;"2017/12/16 12:12:22";22;35;852;45;941.8
1513423044;"2017/12/16 12:17:24";22;35;831;48;941.9
1513423348;"2017/12/16 12:22:28";22;35;824;42;941.9
1513423651;"2017/12/16 12:27:31";22;34;811;42;942
1513423955;"2017/12/16 12:32:35";22;34;805;44;942
1513424257;"2017/12/16 12:37:37";21.9;34;804;43;942.1
1513424560;"2017/12/16 12:42:40";21.9;34;815;44;942.2
1513424863;"2017/12/16 12:47:43";21.9;34;774;47;942.2
1513425167;"2017/12/16 12:52:47";21.9;34;760;46;942.2
1513425470;"2017/12/16 12:57:50";21.9;34;726;47;942.3
1513425772;"2017/12/16 13:02:52";21.9;34;763;46;942.3
1513426075;"2017/12/16 13:07:55";21.8;34;725;45;942.4
1513426378;"2017/12/16 13:12:58";21.9;34;724;43;942.4
1513426681;"2017/12/16 13:18:01";21.8;34;718;45;942.5
1513426983;"2017/12/16 13:23:03";21.9;34;719;45;942.6
1513427286;"2017/12/16 13:28:06";21.8;34;689;46;942.6
1513427590;"2017/12/16 13:33:10";21.9;34;684;46;942.6
1513427893;"2017/12/16 13:38:13";21.9;34;695;44;942.7
1513428196;"2017/12/16 13:43:16";21.9;34;698;44;942.7
1513428498;"2017/12/16 13:48:18";21.9;35;695;45;942.8
1513428799;"2017/12/16 13:53:19";21.9;35;705;46;942.9
1513429102;"2017/12/16 13:58:22";21.9;35;702;48;942.9
1513429405;"2017/12/16 14:03:25";22;35;715;47;943
1513429708;"2017/12/16 14:08:28";22;35;731;45;943.1
1513430011;"2017/12/16 14:13:31";22;35;762;44;943.1
1513430314;"2017/12/16 14:18:34";22;35;757;43;943.2
1513430617;"2017/12/16 14:23:37";22;35;754;45;943.3
1513430920;"2017/12/16 14:28:40";22;35;746;44;943.4
1513431224;"2017/12/16 14:33:44";22;35;765;45;943.4
1513431526;"2017/12/16 14:38:46";22;35;742;46;943.4
1513431829;"2017/12/16 14:43:49";22.1;35;767;43;943.5
1513432132;"2017/12/16 14:48:52";22.1;35;767;45;943.6
1513432432;"2017/12/16 14:53:52";22.1;35;781;48;943.6
1513432735;"2017/12/16 14:58:55";22.1;35;770;49;943.8
1513433037;"2017/12/16 15:03:57";22.1;35;778;49;943.9
1513433340;"2017/12/16 15:09:00";22.1;35;776;50;943.9
1513433643;"2017/12/16 15:14:03";22.1;35;790;50;944
1513433946;"2017/12/16 15:19:06";22.1;35;767;51;944.1
1513434249;"2017/12/16 15:24:09";22.1;35;793;53;944.1
1513434552;"2017/12/16 15:29:12";22.1;35;788;53;944.2
1513434855;"2017/12/16 15:34:15";22.1;35;789;46;944.3
1513435158;"2017/12/16 15:39:18";22;35;772;46;944.4
1513435461;"2017/12/16 15:44:21";22;35;759;41;944.5
1513435764;"2017/12/16 15:49:24";22;35;736;44;944.6
1513436066;"2017/12/16 15:54:26";22;35;752;50;944.6
1513436369;"2017/12/16 15:59:29";22;35;744;56;944.7
1513436672;"2017/12/16 16:04:32";22;35;749;48;944.7
1513436975;"2017/12/16 16:09:35";22;35;747;51;944.8
1513437278;"2017/12/16 16:14:38";22;35;753;54;944.9
1513437581;"2017/12/16 16:19:41";22;35;776;68;945
1513437884;"2017/12/16 16:24:44";22;35;776;70;945
1513438187;"2017/12/16 16:29:47";22;36;776;69;945.1
1513438487;"2017/12/16 16:34:47";22;35;766;68;945.2
1513438790;"2017/12/16 16:39:50";22;35;766;68;945.2
1513439093;"2017/12/16 16:44:53";22;35;751;56;945.3
1513439396;"2017/12/16 16:49:56";22;35;740;42;945.3
1513439699;"2017/12/16 16:54:59";22;35;740;40;945.4
1513440002;"2017/12/16 17:00:02";21.9;35;703;43;945.5
1513440306;"2017/12/16 17:05:06";21.9;35;709;45;945.6
1513440609;"2017/12/16 17:10:09";21.9;35;686;40;945.6
1513440911;"2017/12/16 17:15:11";21.9;35;678;39;945.7
1513441214;"2017/12/16 17:20:14";21.9;35;670;41;945.8
1513441518;"2017/12/16 17:25:18";21.9;35;672;49;945.9
1513441820;"2017/12/16 17:30:20";21.9;35;665;48;945.9
1513442121;"2017/12/16 17:35:21";21.9;35;657;43;946
1513442424;"2017/12/16 17:40:24";21.9;35;620;37;946
1513442727;"2017/12/16 17:45:27";21.9;35;614;38;946.1
1513443030;"2017/12/16 17:50:30";21.9;35;597;37;946.2
1513443333;"2017/12/16 17:55:33";21.9;35;593;37;946.3
1513443636;"2017/12/16 18:00:36";21.9;35;590;38;946.3
1513443939;"2017/12/16 18:05:39";21.9;35;590;37;946.4
1513444241;"2017/12/16 18:10:41";21.9;35;574;38;946.4
1513444544;"2017/12/16 18:15:44";21.9;35;564;37;946.5
1513444847;"2017/12/16 18:20:47";21.8;34;552;36;946.7
1513445150;"2017/12/16 18:25:50";21.8;34;557;38;946.7
1513445453;"2017/12/16 18:30:53";21.8;34;545;39;946.8
1513445756;"2017/12/16 18:35:56";21.8;34;539;37;946.9
1513446059;"2017/12/16 18:40:59";21.8;34;534;36;947
1513446362;"2017/12/16 18:46:02";21.8;34;537;38;947.1
1513446666;"2017/12/16 18:51:06";21.9;34;522;38;947.1
1513446970;"2017/12/16 18:56:10";21.8;34;518;38;947.1
1513447273;"2017/12/16 19:01:13";21.7;34;518;37;947.3
1513447575;"2017/12/16 19:06:15";21.7;34;512;40;947.4
1513447878;"2017/12/16 19:11:18";21.7;34;525;37;947.4
1513448181;"2017/12/16 19:16:21";21.8;34;523;38;947.6
1513448484;"2017/12/16 19:21:24";21.7;34;528;38;947.5
1513448787;"2017/12/16 19:26:27";21.8;34;539;38;947.6
1513449090;"2017/12/16 19:31:30";21.8;34;551;37;947.7
1513449393;"2017/12/16 19:36:33";21.8;34;550;37;947.8
1513449695;"2017/12/16 19:41:35";21.8;34;547;37;947.8
1513449999;"2017/12/16 19:46:39";21.8;34;544;37;947.9
1513450301;"2017/12/16 19:51:41";21.8;34;541;36;947.9
1513450605;"2017/12/16 19:56:45";21.8;34;543;35;948
1513450907;"2017/12/16 20:01:47";21.8;34;532;37;948
1513451212;"2017/12/16 20:06:52";21.8;34;524;38;948.1
1513451515;"2017/12/16 20:11:55";21.8;34;529;35;948.1
1513451817;"2017/12/16 20:16:57";21.8;34;519;36;948.2
1513452120;"2017/12/16 20:22:00";21.8;34;504;35;948.3
1513452421;"2017/12/16 20:27:01";21.8;34;509;35;948.3
1513452724;"2017/12/16 20:32:04";21.8;34;496;35;948.3
1513453027;"2017/12/16 20:37:07";21.8;34;491;35;948.4
1513453330;"2017/12/16 20:42:10";21.8;34;504;36;948.4
1513453632;"2017/12/16 20:47:12";21.8;34;489;36;948.5
1513453935;"2017/12/16 20:52:15";21.8;34;493;37;948.5
1513454238;"2017/12/16 20:57:18";21.8;34;511;36;948.6
1513454541;"2017/12/16 21:02:21";21.8;34;522;35;948.7
1513454844;"2017/12/16 21:07:24";21.8;33;512;36;948.8
1513455147;"2017/12/16 21:12:27";21.8;33;508;35;948.8
1513455449;"2017/12/16 21:17:29";21.8;33;514;37;948.9
1513455752;"2017/12/16 21:22:32";21.8;33;513;35;948.9
1513456055;"2017/12/16 21:27:35";21.8;33;533;36;948.9
1513456358;"2017/12/16 21:32:38";21.8;33;520;39;948.8
1513456659;"2017/12/16 21:37:39";21.8;33;513;38;948.8
1513456962;"2017/12/16 21:42:42";21.8;33;512;38;948.9
1513457265;"2017/12/16 21:47:45";21.9;33;527;38;948.9
1513457568;"2017/12/16 21:52:48";21.8;33;522;36;948.9
1513457871;"2017/12/16 21:57:51";21.9;33;543;35;948.9
1513458174;"2017/12/16 22:02:54";21.8;33;534;35;948.9
1513458477;"2017/12/16 22:07:57";21.9;33;528;35;948.9
1513458780;"2017/12/16 22:13:00";21.8;33;528;36;949
1513459083;"2017/12/16 22:18:03";21.9;33;533;35;948.9
1513459386;"2017/12/16 22:23:06";21.8;33;517;35;949
1513459689;"2017/12/16 22:28:09";21.9;33;535;37;949.2
1513459991;"2017/12/16 22:33:11";21.8;33;541;38;949.2
1513460294;"2017/12/16 22:38:14";21.9;33;550;36;949.3
1513460597;"2017/12/16 22:43:17";21.8;33;511;36;949.3
1513460899;"2017/12/16 22:48:19";21.8;33;533;35;949.3
1513461202;"2017/12/16 22:53:22";21.8;33;530;35;949.3
1513461505;"2017/12/16 22:58:25";21.8;33;533;36;949.3
1513461808;"2017/12/16 23:03:28";21.8;33;528;36;949.3
1513462109;"2017/12/16 23:08:29";21.8;33;518;36;949.4
1513462412;"2017/12/16 23:13:32";21.8;33;506;36;949.4
1513462714;"2017/12/16 23:18:34";21.8;33;521;36;949.4
1513463017;"2017/12/16 23:23:37";21.8;33;538;38;949.5
1513463320;"2017/12/16 23:28:40";21.8;33;534;35;949.5
1513463623;"2017/12/16 23:33:43";21.8;33;541;36;949.5
1513463925;"2017/12/16 23:38:45";21.7;33;545;35;949.5
1513464228;"2017/12/16 23:43:48";21.7;33;555;35;949.5
1513464531;"2017/12/16 23:48:51";21.7;33;535;35;949.5
1513464834;"2017/12/16 23:53:54";21.7;33;553;35;949.5
1513465137;"2017/12/16 23:58:57";21.7;33;541;35;949.6
1513465440;"2017/12/17 00:04:00";21.7;33;550;35;949.6
1513465744;"2017/12/17 00:09:04";21.7;33;552;35;949.7
1513466046;"2017/12/17 00:14:06";21.6;33;538;35;949.7
1513466348;"2017/12/17 00:19:08";21.6;33;544;35;949.7
1513466651;"2017/12/17 00:24:11";21.6;33;538;35;949.6
1513466954;"2017/12/17 00:29:14";21.6;33;556;35;949.6
1513467257;"2017/12/17 00:34:17";21.6;33;556;35;949.5
1513467560;"2017/12/17 00:39:20";21.6;33;553;37;949.6
1513467863;"2017/12/17 00:44:23";21.6;33;564;35;949.7
1513468165;"2017/12/17 00:49:25";21.6;33;542;35;949.7
1513468468;"2017/12/17 00:54:28";21.6;33;554;35;949.7
1513468770;"2017/12/17 00:59:30";21.6;33;560;35;949.7
1513469073;"2017/12/17 01:04:33";21.6;33;552;35;949.6
1513469377;"2017/12/17 01:09:37";21.6;33;557;35;949.7
1513469679;"2017/12/17 01:14:39";21.5;33;549;35;949.8
1513469982;"2017/12/17 01:19:42";21.5;33;558;35;949.8
1513470285;"2017/12/17 01:24:45";21.5;33;548;35;949.8
1513470588;"2017/12/17 01:29:48";21.5;33;555;35;949.7
1513470891;"2017/12/17 01:34:51";21.5;33;555;35;949.7
1513471194;"2017/12/17 01:39:54";21.5;33;566;35;949.7
1513471497;"2017/12/17 01:44:57";21.5;33;565;35;949.7
1513471799;"2017/12/17 01:49:59";21.5;33;566;35;949.7
1513472102;"2017/12/17 01:55:02";21.5;33;564;35;949.8
1513472403;"2017/12/17 02:00:03";21.5;33;583;35;949.9
1513472706;"2017/12/17 02:05:06";21.5;33;576;35;949.9
1513473008;"2017/12/17 02:10:08";21.5;33;578;35;950
1513473311;"2017/12/17 02:15:11";21.4;33;581;35;950
1513473615;"2017/12/17 02:20:15";21.5;33;587;35;950.1
1513473918;"2017/12/17 02:25:18";21.5;33;596;34;950.1
1513474221;"2017/12/17 02:30:21";21.4;33;586;35;950.2
1513474524;"2017/12/17 02:35:24";21.4;33;587;35;950.3
1513474825;"2017/12/17 02:40:25";21.4;33;579;35;950.2
1513475128;"2017/12/17 02:45:28";21.4;33;587;35;950.2
1513475431;"2017/12/17 02:50:31";21.4;33;585;35;950.3
1513475734;"2017/12/17 02:55:34";21.4;33;625;35;950.4
1513476037;"2017/12/17 03:00:37";21.4;33;589;35;950.5
1513476340;"2017/12/17 03:05:40";21.4;33;577;35;950.5
1513476643;"2017/12/17 03:10:43";21.4;33;582;35;950.6
1513476946;"2017/12/17 03:15:46";21.4;33;564;35;950.5
1513477248;"2017/12/17 03:20:48";21.4;33;575;35;950.5
1513477551;"2017/12/17 03:25:51";21.4;33;585;35;950.6
1513477855;"2017/12/17 03:30:55";21.4;33;560;35;950.6
1513478158;"2017/12/17 03:35:58";21.4;33;572;35;950.7
1513478462;"2017/12/17 03:41:02";21.4;33;569;35;950.6
1513478765;"2017/12/17 03:46:05";21.4;33;572;35;950.6
1513479068;"2017/12/17 03:51:08";21.4;33;564;35;950.7
1513479371;"2017/12/17 03:56:11";21.4;33;565;35;950.8
1513479673;"2017/12/17 04:01:13";21.3;33;571;35;950.9
1513479976;"2017/12/17 04:06:16";21.3;33;576;35;950.9
1513480279;"2017/12/17 04:11:19";21.3;33;572;37;950.9
1513480582;"2017/12/17 04:16:22";21.3;33;577;39;951.1
1513480884;"2017/12/17 04:21:24";21.3;33;596;38;951.1
1513481187;"2017/12/17 04:26:27";21.3;33;591;38;951.1
1513481490;"2017/12/17 04:31:30";21.3;33;610;39;951.2
1513481793;"2017/12/17 04:36:33";21.3;33;606;38;951.2
1513482095;"2017/12/17 04:41:35";21.3;33;622;40;951.2
1513482398;"2017/12/17 04:46:38";21.3;33;602;39;951.3
1513482700;"2017/12/17 04:51:40";21.3;33;591;40;951.3
1513483003;"2017/12/17 04:56:43";21.3;33;616;35;951.4
1513483307;"2017/12/17 05:01:47";21.3;33;628;35;951.4
1513483610;"2017/12/17 05:06:50";21.3;33;623;37;951.4
1513483913;"2017/12/17 05:11:53";21.3;33;620;36;951.4
1513484216;"2017/12/17 05:16:56";21.3;33;634;42;951.4
1513484519;"2017/12/17 05:21:59";21.4;33;647;40;951.5
1513484822;"2017/12/17 05:27:02";21.4;33;643;39;951.5
1513485124;"2017/12/17 05:32:04";21.4;33;634;36;951.5
1513485427;"2017/12/17 05:37:07";21.4;33;637;35;951.6
1513485728;"2017/12/17 05:42:08";21.4;33;658;36;951.6
1513486031;"2017/12/17 05:47:11";21.4;33;645;36;951.6
1513486334;"2017/12/17 05:52:14";21.4;33;630;37;951.7
1513486637;"2017/12/17 05:57:17";21.4;33;643;35;951.7
1513486939;"2017/12/17 06:02:19";21.4;33;640;35;951.7
1513487243;"2017/12/17 06:07:23";21.4;33;637;41;951.8
1513487546;"2017/12/17 06:12:26";21.4;33;643;41;951.8
1513487849;"2017/12/17 06:17:29";21.4;33;621;41;951.9
1513488152;"2017/12/17 06:22:32";21.4;33;637;36;952
1513488454;"2017/12/17 06:27:34";21.4;33;619;37;952
1513488757;"2017/12/17 06:32:37";21.4;33;625;37;952.1
1513489060;"2017/12/17 06:37:40";21.4;33;648;38;952.1
1513489361;"2017/12/17 06:42:41";21.4;33;630;35;952.1
1513489664;"2017/12/17 06:47:44";21.4;33;622;37;952.2
1513489967;"2017/12/17 06:52:47";21.4;33;613;35;952.2
1513490271;"2017/12/17 06:57:51";21.4;33;644;35;952.3
1513490575;"2017/12/17 07:02:55";21.4;33;610;35;952.2
1513490877;"2017/12/17 07:07:57";21.4;33;617;35;952.2
1513491179;"2017/12/17 07:12:59";21.5;33;616;37;952.3
1513491482;"2017/12/17 07:18:02";21.5;33;621;35;952.4
1513491785;"2017/12/17 07:23:05";21.5;33;617;38;952.5
1513492088;"2017/12/17 07:28:08";21.5;33;610;35;952.6
1513492390;"2017/12/17 07:33:10";21.5;33;602;35;952.7
1513492693;"2017/12/17 07:38:13";21.5;33;624;35;952.7
1513492995;"2017/12/17 07:43:15";21.5;33;614;36;952.8
1513493298;"2017/12/17 07:48:18";21.5;33;622;38;952.8
1513493599;"2017/12/17 07:53:19";21.5;33;614;38;952.9
1513493902;"2017/12/17 07:58:22";21.5;33;610;39;952.9
1513494205;"2017/12/17 08:03:25";21.5;33;614;37;952.9
1513494507;"2017/12/17 08:08:27";21.5;32;614;38;952.9
1513494812;"2017/12/17 08:13:32";21.5;33;608;37;953
1513495114;"2017/12/17 08:18:34";21.5;32;613;36;953
1513495416;"2017/12/17 08:23:36";21.5;32;617;36;953
1513495719;"2017/12/17 08:28:39";21.5;32;608;38;953.1
1513496022;"2017/12/17 08:33:42";21.5;33;621;38;953.2
1513496325;"2017/12/17 08:38:45";21.5;32;608;37;953.3
1513496627;"2017/12/17 08:43:47";21.6;33;618;43;953.3
1513496930;"2017/12/17 08:48:50";21.5;33;655;46;953.3
1513497233;"2017/12/17 08:53:53";21.6;33;671;48;953.4
1513497535;"2017/12/17 08:58:55";21.6;33;665;46;953.4
1513497839;"2017/12/17 09:03:59";21.6;33;662;47;953.5
1513498142;"2017/12/17 09:09:02";21.6;33;652;41;953.5
1513498442;"2017/12/17 09:14:02";21.6;33;653;42;953.5
1513498744;"2017/12/17 09:19:04";21.5;33;643;43;953.5
1513499045;"2017/12/17 09:24:05";21.6;33;640;45;953.6
1513499348;"2017/12/17 09:29:08";21.6;33;625;45;953.7
1513499650;"2017/12/17 09:34:10";21.6;33;661;43;953.8
1513499953;"2017/12/17 09:39:13";21.6;33;653;46;953.8
1513500257;"2017/12/17 09:44:17";21.6;33;666;44;953.9
1513500560;"2017/12/17 09:49:20";21.6;33;669;37;953.9
1513500864;"2017/12/17 09:54:24";21.6;34;662;46;954
1513501167;"2017/12/17 09:59:27";21.6;34;682;43;954.1
1513501470;"2017/12/17 10:04:30";21.6;34;676;43;954.1
1513501773;"2017/12/17 10:09:33";21.6;34;688;43;954.2
1513502076;"2017/12/17 10:14:36";21.6;34;691;41;954.3
1513502378;"2017/12/17 10:19:38";21.6;34;707;44;954.4
1513502680;"2017/12/17 10:24:40";21.6;35;691;42;954.5
1513502983;"2017/12/17 10:29:43";21.6;35;706;49;954.6
1513503284;"2017/12/17 10:34:44";21.6;35;707;48;954.6
1513503587;"2017/12/17 10:39:47";21.7;35;707;48;954.7
1513503889;"2017/12/17 10:44:49";21.7;35;704;50;954.6
1513504192;"2017/12/17 10:49:52";21.7;35;737;53;954.6
1513504494;"2017/12/17 10:54:54";21.7;35;761;63;954.6
1513504797;"2017/12/17 10:59:57";21.7;35;755;61;954.6
1513505101;"2017/12/17 11:05:01";21.7;35;783;63;954.6
1513505404;"2017/12/17 11:10:04";21.7;35;798;61;954.6
1513505707;"2017/12/17 11:15:07";21.7;35;793;61;954.6
1513506009;"2017/12/17 11:20:09";21.7;35;857;49;954.7
1513506311;"2017/12/17 11:25:11";21.9;35;830;54;954.6
1513506614;"2017/12/17 11:30:14";21.9;35;855;59;954.7
1513506918;"2017/12/17 11:35:18";21.9;35;830;57;954.7
1513507221;"2017/12/17 11:40:21";21.9;35;849;58;954.7
1513507523;"2017/12/17 11:45:23";21.9;36;856;53;954.7
1513507826;"2017/12/17 11:50:26";21.9;36;843;49;954.7
1513508129;"2017/12/17 11:55:29";22;36;855;54;954.7
1513508432;"2017/12/17 12:00:32";22;36;842;43;954.7
1513508735;"2017/12/17 12:05:35";22;36;841;41;954.6
1513509038;"2017/12/17 12:10:38";22;36;822;46;954.6
1513509341;"2017/12/17 12:15:41";22;36;827;47;954.5
1513509644;"2017/12/17 12:20:44";22.1;36;833;49;954.5
1513509946;"2017/12/17 12:25:46";22.1;36;840;50;954.5
1513510249;"2017/12/17 12:30:49";22.1;36;867;53;954.6
1513510551;"2017/12/17 12:35:51";22.2;36;868;55;954.6
1513510854;"2017/12/17 12:40:54";22.2;36;886;52;954.5
1513511156;"2017/12/17 12:45:56";22.2;36;881;51;954.5
1513511459;"2017/12/17 12:50:59";22.2;36;908;54;954.5
1513511762;"2017/12/17 12:56:02";22.2;36;961;57;954.5
1513512065;"2017/12/17 13:01:05";22.2;36;961;55;954.5
1513512368;"2017/12/17 13:06:08";22.2;36;981;53;954.5
1513512671;"2017/12/17 13:11:11";22.2;36;970;56;954.5
1513512797;"2017/12/17 13:13:17";22.2;36;1050;;954.5
1513513100;"2017/12/17 13:18:20";22.3;36;1005;43;954.5
1513513403;"2017/12/17 13:23:23";22.3;36;991;46;954.5
1513513704;"2017/12/17 13:28:24";22.3;36;974;41;954.5
1513514007;"2017/12/17 13:33:27";22.2;36;936;40;954.5
1513514310;"2017/12/17 13:38:30";22.2;36;919;45;954.5
1513514613;"2017/12/17 13:43:33";22.2;36;906;48;954.6
1513514915;"2017/12/17 13:48:35";22.2;36;900;42;954.6
1513515218;"2017/12/17 13:53:38";22.2;36;887;50;954.6
1513515521;"2017/12/17 13:58:41";22.2;36;881;50;954.7
1513515824;"2017/12/17 14:03:44";22.2;36;867;40;954.6
1513516124;"2017/12/17 14:08:44";22.2;35;832;38;954.6
1513516427;"2017/12/17 14:13:47";22.2;35;803;36;954.7
1513516730;"2017/12/17 14:18:50";22.2;35;780;36;954.7
1513517033;"2017/12/17 14:23:53";22.2;35;766;37;954.7
1513517334;"2017/12/17 14:28:54";22.2;35;750;36;954.7
1513517637;"2017/12/17 14:33:57";22.1;35;742;37;954.7
1513517938;"2017/12/17 14:38:58";22.1;35;739;36;954.8
1513518241;"2017/12/17 14:44:01";22.1;35;719;36;954.8
1513518544;"2017/12/17 14:49:04";22.1;35;703;37;954.8
1513518847;"2017/12/17 14:54:07";22.1;35;695;36;954.8
1513519150;"2017/12/17 14:59:10";22.1;35;684;37;955
1513519453;"2017/12/17 15:04:13";22.1;35;674;48;954.9
1513519755;"2017/12/17 15:09:15";22.1;34;668;43;955
1513520058;"2017/12/17 15:14:18";22.1;34;687;45;955
1513520360;"2017/12/17 15:19:20";22.1;34;683;49;955
1513520663;"2017/12/17 15:24:23";22.1;34;692;49;955.1
1513520966;"2017/12/17 15:29:26";22.1;34;695;47;955.2
1513521269;"2017/12/17 15:34:29";22.1;34;697;46;955.2
1513521571;"2017/12/17 15:39:31";22.2;34;718;45;955.2
1513521874;"2017/12/17 15:44:34";22.2;34;711;45;955.2
1513522177;"2017/12/17 15:49:37";22.2;35;722;44;955.3
1513522480;"2017/12/17 15:54:40";22.2;35;745;48;955.4
1513522780;"2017/12/17 15:59:40";22.2;35;755;50;955.4
1513523083;"2017/12/17 16:04:43";22.2;35;760;49;955.4
1513523386;"2017/12/17 16:09:46";22.3;35;752;46;955.5
1513523689;"2017/12/17 16:14:49";22.3;34;755;50;955.6
1513523989;"2017/12/17 16:19:49";22.3;34;758;43;955.6
1513524292;"2017/12/17 16:24:52";22.3;34;756;44;955.7
1513524595;"2017/12/17 16:29:55";22.3;34;750;43;955.6
1513524897;"2017/12/17 16:34:57";22.3;34;767;47;955.7
1513525200;"2017/12/17 16:40:00";22.3;34;764;54;955.8
1513525503;"2017/12/17 16:45:03";22.3;34;793;47;955.8
1513525807;"2017/12/17 16:50:07";22.3;34;807;53;955.9
1513526110;"2017/12/17 16:55:10";22.3;34;836;51;955.9
1513526413;"2017/12/17 17:00:13";22.3;35;816;56;956
1513526716;"2017/12/17 17:05:16";22.3;35;862;63;956.1
1513527019;"2017/12/17 17:10:19";22.3;35;864;61;956.1
1513527321;"2017/12/17 17:15:21";22.3;35;847;60;956.2
1513527625;"2017/12/17 17:20:25";22.3;35;850;58;956.3
1513527928;"2017/12/17 17:25:28";22.3;35;846;62;956.4
1513528231;"2017/12/17 17:30:31";22.3;35;843;60;956.5
1513528534;"2017/12/17 17:35:34";22.3;35;825;54;956.5
1513528835;"2017/12/17 17:40:35";22.3;35;816;49;956.6
1513529138;"2017/12/17 17:45:38";22.3;34;840;49;956.7
1513529439;"2017/12/17 17:50:39";22.4;34;850;53;956.7
1513529743;"2017/12/17 17:55:43";22.3;34;863;51;956.8
1513530047;"2017/12/17 18:00:47";22.3;34;851;51;956.9
1513530350;"2017/12/17 18:05:50";22.3;34;843;48;956.9
1513530653;"2017/12/17 18:10:53";22.3;34;816;48;956.9
1513530956;"2017/12/17 18:15:56";22.3;34;808;50;956.9
1513531260;"2017/12/17 18:21:00";22.3;34;815;44;957
1513531563;"2017/12/17 18:26:03";22.3;34;807;50;957
1513531862;"2017/12/17 18:31:02";22.3;34;790;49;957.1
1513532165;"2017/12/17 18:36:05";22.3;34;787;49;957.1
1513532469;"2017/12/17 18:41:09";22.3;34;762;51;957.2
1513532772;"2017/12/17 18:46:12";22.3;34;775;51;957.3
1513533074;"2017/12/17 18:51:14";22.3;34;763;50;957.2
1513533377;"2017/12/17 18:56:17";22.3;34;769;50;957.2
1513533680;"2017/12/17 19:01:20";22.3;34;780;48;957.3
1513533982;"2017/12/17 19:06:22";22.3;34;803;50;957.3
1513534286;"2017/12/17 19:11:26";22.3;34;773;46;957.4
1513534589;"2017/12/17 19:16:29";22.3;34;735;43;957.4
1513534894;"2017/12/17 19:21:34";22.3;34;731;51;957.4
1513535197;"2017/12/17 19:26:37";22.3;34;731;49;957.6
